ISO2,ISO3,Name,longitude,latitude,xmin,xmax,ymin,ymax
AF,AFG,Afghanistan,65,33,60.48,74.88,29.38,38.48
AX,ALA,Aland Islands,20,60.25,19.3,20.62,59.9,60.6
AL,ALB,Albania,20,41,19.26,21.06,39.65,42.65
DZ,DZA,Algeria,3,28,-8.67,12,18.96,37.09
AS,ASM,American Samoa,-170,-14.3333333333,-169.41,-170.87,-14.4,-14.15
AD,AND,Andorra,1.5,42.5,1.788,1.409,42.656,42.428
AO,AGO,Angola,18.5,-12.5,11.67,24.08,-18.04,-4.37
AI,AIA,Anguilla,-63.1666666667,18.25,-63.265,-62.92,18.35,18.155
AQ,ATA,Antarctica,0,-90,0,0,0,0
AG,ATG,Antigua and Barbuda,-61.8,17.05,-61.91,-61.67,17,17.73
AR,ARG,Argentina,-64,-34,-73.58,-53.59,-55.05,-21.78
AM,ARM,Armenia,45,40,43.46,46.63,38.84,41.3
AW,ABW,Aruba,-69.9666666667,12.5,-70.065,-69.865,12.41,12.625
AU,AUS,Australia,133,-27,112.91,159.11,-54.76,-9.23
AT,AUT,Austria,13.3333333333,47.3333333333,9.54,17.16,46.38,49.02
AZ,AZE,Azerbaijan,47.5,40.5,44.77,50.61,38.4,41.91
BS,BHS,Bahamas,-76,24.25,-79.31,-72.73,20.91,27.03
BH,BHR,Bahrain,50.55,26,50.377,50.82,25.79,26.307
BD,BGD,Bangladesh,90,24,88.03,92.67,20.59,26.63
BB,BRB,Barbados,-59.5333333333,13.1666666667,-59.65,-59.42,13.05,13.34
BY,BLR,Belarus,28,53,23.17,32.77,51.26,56.16
BE,BEL,Belgium,4,50.8333333333,2.54,6.41,49.5,51.5
BZ,BLZ,Belize,-88.75,17.25,-89.22,-87.48,15.89,18.49
BJ,BEN,Benin,2.25,9.5,0.77,3.85,6.23,12.42
BM,BMU,Bermuda,-64.75,32.3333333333,-64.89,-64.64,32.246,32.394
BT,BTN,Bhutan,90.5,27.5,88.77,92.13,26.71,28.33
BO,BOL,Bolivia  Plurinational State of,-65,-17,-69.64,-57.46,-22.9,-9.68
BQ,BES,Bonaire  Sint Eustatius and Saba,-68.25,12.1666666667,0,0,0,0
BA,BIH,Bosnia and Herzegovina,18,44,15.74,19.62,42.55,45.28
BW,BWA,Botswana,24,-22,20,29.36,-26.9,-17.78
BV,BVT,Bouvet Island,3.4,-54.4333333333,3.3355,3.488,-54.463,-54.4
BR,BRA,Brazil,-55,-10,-73.99,-29.3,-33.74,5.26
IO,IOT,British Indian Ocean Territory,71.5,-6,0,0,0,0
BN,BRN,Brunei Darussalam,114.666666667,4.5,114.075,115.14,3.995,5.06
BG,BGR,Bulgaria,25,43,22.37,28.61,41.24,44.21
BF,BFA,Burkina Faso,-2,13,-5.52,2.4,9.41,15.08
BI,BDI,Burundi,30,-3.5,28.99,30.85,-4.47,-2.31
KH,KHM,Cambodia,105,13,102.35,107.62,9.91,14.69
CM,CMR,Cameroon,12,6,8.49,16.19,1.65,13.07
CA,CAN,Canada,-95,60,-141,-52.62,41.71,83.21
CV,CPV,Cape Verde,-24,16,-25.37,-22.67,14.8,17.21
KY,CYM,Cayman Islands,-80.5,19.5,-81.45,-79.72,19.25,19.77
CF,CAF,Central African Republic,21,7,14.42,27.46,2.22,11.01
TD,TCD,Chad,19,15,13.47,24,7.45,23.45
CL,CHL,Chile,-71,-30,-109.46,-66.42,-55.98,-17.51
CN,CHN,China,105,35,73.56,134.78,18.16,53.56
CX,CXR,Christmas Island,105.666666667,-10.5,105.53,105.715,-10.577,-10.4
CC,CCK,Cocos (Keeling) Islands,96.8333333333,-12.5,0,0,0,0
CO,COL,Colombia,-72,4,-81.73,-66.87,-4.23,13.39
KM,COM,Comoros,44.25,-12.1666666667,43.22,44.54,-12.42,-11.36
CG,COG,Congo,15,-1,11.21,18.65,-5.03,3.7
CD,COD,Congo  The Democratic Republic of the,25,0.0166666666667,12.2,31.31,-13.46,5.39
CK,COK,Cook Islands,-159.766666667,-21.2333333333,-165.83,-157.32,-21.95,-8.96
CR,CRI,Costa Rica,-84,10,-87.1,-82.56,5.5,11.21
CI,CIV,Cote d'Ivoire,-5,8,-8.6,-2.49,4.36,10.74
HR,HRV,Croatia,15.5,45.1666666667,13.49,19.44,42.39,46.53
CU,CUB,Cuba,-80,21.5,-84.95,-74.14,19.83,23.28
CW,CUW,Curacao,-69,12.1666666667,-69.17,-68.638,11.969,12.396
CY,CYP,Cyprus,33,35,32.27,34.59,34.565,35.69
CZ,CZE,Czech Republic,15.5,49.75,12.1,18.86,48.56,51.03
DK,DNK,Denmark,10,56,8.07,15.16,54.56,57.74
DJ,DJI,Djibouti,43,11.5,41.78,43.42,10.91,12.71
DM,DMA,Dominica,-61.3333333333,15.4166666667,-61.49,-61.24,15.21,15.64
DO,DOM,Dominican Republic,-70.6666666667,19,-72.01,-68.33,17.54,19.93
EC,ECU,Ecuador,-77.5,-2,-92.01,-75.22,-5.01,1.66
EG,EGY,Egypt,30,27,24.7,36.9,21.72,31.67
SV,SLV,El Salvador,-88.9166666667,13.8333333333,-90.12,-87.69,13.15,14.45
GQ,GNQ,Equatorial Guinea,10,2,5.6,11.34,-1.46,3.79
ER,ERI,Eritrea,39,15,36.44,43.12,12.36,18.02
EE,EST,Estonia,26,59,21.81,28.21,57.51,59.68
ET,ETH,Ethiopia,38,8,32.99,47.98,3.41,14.9
FK,FLK,Falkland Islands (Malvinas),-59,-51.75,-61.37,-57.73,-52.46,-51.01
FO,FRO,Faroe Islands,-7,62,-7.7,-6.25,61.39,62.4
FJ,FJI,Fiji,175,-18,-180,171,-20.67,-12.46
FI,FIN,Finland,26,64,19.47,31.58,59.8,70.09
FR,FRA,France,2,46,-5.14,9.56,41.36,51.09
GF,GUF,French Guiana,-53,4,-54.55,-51.6,2.11,5.76
PF,PYF,French Polynesia,-140,-15,0,0,0,0
TF,ATF,French Southern Territories,77.5333333333,-37.8333333333,0,0,0,0
GA,GAB,Gabon,11.75,-1,8.7,14.5,-3.98,2.32
GM,GMB,Gambia,-16.5666666667,13.4666666667,-16.82,-13.8,13.06,13.83
GE,GEO,Georgia,43.5,42,40.01,46.72,41.04,43.58
DE,DEU,Germany,9,51,5.87,15.03,47.27,55.05
GH,GHA,Ghana,-2,8,-3.25,1.19,4.74,11.18
GI,GIB,Gibraltar,-5.35,36.1333333333,-5.368,-5.338,36.108,36.156
GR,GRC,Greece,22,39,19.38,29.6,34.8,41.74
GL,GRL,Greenland,-40,72,-73.1,-11.41,59.61,83.64
GD,GRD,Grenada,-61.6666666667,12.1166666667,-61.81,-61.38,11.98,12.52
GP,GLP,Guadeloupe,-61.5833333333,16.25,-61.815,-61.17,15.83,16.515
GU,GUM,Guam,144.783333333,13.4666666667,144.616,144.957,13.245,13.655
GT,GTM,Guatemala,-90.25,15.5,-92.23,-88.23,13.74,17.82
GG,GGY,Guernsey,-2.58333333333,49.4666666667,-2.675,-2.34,49.409,49.51
GN,GIN,Guinea,-10,11,-15.08,-7.64,7.2,12.67
GW,GNB,Guinea-Bissau,-15,12,-16.67,-13.64,10.92,12.67
GY,GUY,Guyana,-59,5,-61.39,-56.48,1.18,8.55
HT,HTI,Haiti,-72.4166666667,19,-74.48,-71.61,18.02,20.09
HM,HMD,Heard Island and McDonald Islands,72.5166666667,-53.1,72.5,73.85,-53.2,-52.9
VA,VAT,Holy See (Vatican City State),12.45,41.9,12.4455,12.4585,41.898,41.9079
HN,HND,Honduras,-86.5,15,-89.35,-83.15,12.98,16.51
HK,HKG,Hong Kong,114.166666667,22.25,113.83,114.407,22.15,22.557
HU,HUN,Hungary,20,47,16.12,22.89,45.75,48.58
IS,ISL,Iceland,-18,65,-24.53,-13.49,63.39,66.57
IN,IND,India,77,20,68.17,97.4,6.75,35.99
ID,IDN,Indonesia,120,-5,95.01,141.03,-10.99,5.91
IR,IRN,Iran  Islamic Republic of,53,32,44.04,63.32,25.06,39.78
IQ,IRQ,Iraq,44,33,38.8,48.58,29.07,37.38
IE,IRL,Ireland,-8,53,-10.58,-5.99,51.42,55.38
IM,IMN,Isle of Man,-4.5,54.25,-4.835,-4.305,54.041,54.42
IL,ISR,Israel,34.75,31.5,34.25,35.68,29.49,33.28
IT,ITA,Italy,12.8333333333,42.8333333333,6.62,18.52,35.49,47.09
JM,JAM,Jamaica,-77.5,18.25,-78.37,-76.19,17.71,18.53
JP,JPN,Japan,138,36,122.93,146.02,24.04,45.52
JE,JEY,Jersey,-2.16666666667,49.25,-2.255,-2.0124,49.1625,49.264
JO,JOR,Jordan,36,31,34.96,39.31,29.18,33.36
KZ,KAZ,Kazakhstan,68,48,46.49,87.31,40.55,55.43
KE,KEN,Kenya,38,1,33.9,41.9,-4.68,4.63
KI,KIR,Kiribati,173,1.41666666667,-174.55,176.85,-11.45,4.72
KP,PRK,Korea  Democratic People's Republic of,127,40,124.2,130.69,37.65,43.01
KR,KOR,Korea  Republic of,127.5,37,125.08,130.93,33.2,38.61
KW,KWT,Kuwait,47.966667,29.366667,46.55,48.43,28.52,30.09
KG,KGZ,Kyrgyzstan,75,41,69.28,80.27,39.17,43.24
LA,LAO,Lao People's Democratic Republic,105,18,100.1,107.7,13.91,22.51
LV,LVA,Latvia,25,57,20.97,28.24,55.67,58.08
LB,LBN,Lebanon,35.8333333333,33.8333333333,35.11,36.64,33.05,34.68
LS,LSO,Lesotho,28.5,-29.5,27.03,29.46,-30.67,-28.57
LR,LBR,Liberia,-9.5,6.5,-11.52,-7.37,4.35,8.55
LY,LBY,Libyan Arab Jamahiriya,17,25,9.38,25.15,19.51,33.17
LI,LIE,Liechtenstein,9.53333333333,47.2666666667,9.471,9.635,47.048,47.27
LT,LTU,Lithuania,24,56,20.95,26.87,53.9,56.44
LU,LUX,Luxembourg,6.16666666667,49.75,5.73,6.53,49.45,50.18
MO,MAC,Macao,113.55,22.1666666667,113.528,113.599,22.109,22.217
MK,MKD,Macedonia  The Former Yugoslav Republic of,22,41.8333333333,20.46,23.03,40.85,42.37
MG,MDG,Madagascar,47,-20,43.18,50.48,-25.61,-11.95
MW,MWI,Malawi,34,-13.5,32.67,35.9,-17.12,-9.37
MY,MYS,Malaysia,112.5,2.5,99.64,119.27,0.86,7.36
MV,MDV,Maldives,73,3.25,73.08,73.58,-0.7,6.93
ML,MLI,Mali,-4,17,-12.24,4.24,10.16,25
MT,MLT,Malta,14.5833333333,35.8333333333,14.18,14.57,35.81,36.08
MH,MHL,Marshall Islands,168,9,165.53,172,4.57,14.62
MQ,MTQ,Martinique,-61.0833333333,14.6,-61.23,-60.805,14.385,14.885
MR,MRT,Mauritania,-12,20,-17.07,-4.82,14.72,27.3
MU,MUS,Mauritius,57.55,-20.2833333333,56.57,63.5,-20.53,-10.33
YT,MYT,Mayotte,45.1666666667,-12.8333333333,45.018,45.303,-13.008,-12.637
MX,MEX,Mexico,-102,23,-118.37,-86.71,14.54,32.72
FM,FSM,Micronesia  Federated States of,158.25,6.91666666667,138.06,163.04,5.26,9.78
MD,MDA,Moldova  Republic of,29,47,26.62,30.16,45.46,48.49
MC,MCO,Monaco,7.419722,43.732778,7.409,7.44,43.7247,43.752
MN,MNG,Mongolia,105,46,87.69,119.92,41.57,52.15
ME,MNE,Montenegro,19.3,42.5,18.448,20.354,41.842,43.555
MS,MSR,Montserrat,-62.2,16.75,-62.242,-62.1445,16.6738,16.825
MA,MAR,Morocco,-5,32,-13.18,-0.99,27.66,35.92
MZ,MOZ,Mozambique,35,-18.25,30.22,40.85,-26.87,-10.48
MM,MMR,Myanmar,98,22,92.2,101.17,9.6,28.54
NA,NAM,Namibia,17,-22,11.73,25.26,-28.96,-16.96
NR,NRU,Nauru,166.916666667,-0.533333333333,166.91,166.96,-0.557,-0.5
NP,NPL,Nepal,84,28,80.06,88.2,26.36,30.43
NL,NLD,Netherlands,5.75,52.5,-70.06,7.22,12.03,53.55
NC,NCL,New Caledonia,165.5,-21.5,158.2,168.15,-22.75,-19.1
NZ,NZL,New Zealand,174,-41,178.84,166,-52.61,-29.24
NI,NIC,Nicaragua,-85,13,-87.69,-82.73,10.71,15.03
NE,NER,Niger,8,16,0.17,16,11.7,23.53
NG,NGA,Nigeria,8,10,2.66,14.68,4.28,13.89
NU,NIU,Niue,-169.866666667,-19.0333333333,-169.95,-169.78,-19.16,-18.95
NF,NFK,Norfolk Island,167.95,-29.0333333333,167.917,167.9975,-29.074,-28.995
MP,MNP,Northern Mariana Islands,145.75,15.2,145.531,145.831,14.841,15.298
NO,NOR,Norway,10,62,4.64,33.63,57.97,80.75
PS,PSE,Occupied Palestinian Territory,35.25,32,0,0,0,0
OM,OMN,Oman,57,21,52,59.84,16.65,26.39
PK,PAK,Pakistan,70,30,60.88,77.84,23.69,37.09
PW,PLW,Palau,134.5,7.5,134.13,134.65,6.88,7.73
PA,PAN,Panama,-80,9,-83.05,-77.17,7.2,9.63
PG,PNG,Papua New Guinea,147,-6,140.87,159.49,-11.66,-1.13
PY,PRY,Paraguay,-58,-23,-62.65,-54.26,-27.61,-19.34
PE,PER,Peru,-76,-10,-81.33,-68.68,-18.38,-0.03
PH,PHL,Philippines,122,13,116.93,126.6,4.65,20.84
PN,PCN,Pitcairn,-130.1,-25.0666666667,-130.125,-130.085,-25.081,-25.055
PL,POL,Poland,20,52,14.12,24.15,49.04,54.84
PT,PRT,Portugal,-8,39.5,-31.27,-6.19,30.14,42.14
PR,PRI,Puerto Rico,-66.5,18.25,-67.95,-65.2,17.9,18.55
QA,QAT,Qatar,51.25,25.5,50.75,51.63,24.47,26.16
RE,REU,Reunion,55.6,-21.1,55.21,55.84,-21.39,-20.86
RO,ROU,Romania,25,46,20.25,29.69,43.6,48.27
RU,RUS,Russian Federation,100,60,-170,27.9,41.19,81.86
RW,RWA,Rwanda,30,-2,28.86,30.9,-2.84,-1.05
BL,BLM,Saint Barthelemy,-62.833333,17.9,-62.913,-62.788,17.87,17.962
SH,SHN,Saint Helena  Ascension and Tristan da Cunha,-5.7,-15.95,0,0,0,0
KN,KNA,Saint Kitts and Nevis,-62.75,17.3333333333,-62.87,-62.54,17.09,17.42
LC,LCA,Saint Lucia,-60.9666666667,13.8833333333,-61.08,-60.87,13.7,14.11
MF,MAF,Saint Martin (French part),-63.06,18.075278,-63.154,-62.969,18.046,18.126
PM,SPM,Saint Pierre and Miquelon,-56.3333333333,46.8333333333,-56.41,-56.12,46.745,47.15
VC,VCT,Saint Vincent and The Grenadines,-61.2,13.25,-61.47,-61.113,12.578,13.386
WS,WSM,Samoa,-172.333333333,-13.5833333333,-172.83,-171.4,-14.07,-13.44
SM,SMR,San Marino,12.4166666667,43.933333,12.403,12.517,43.893,43.993
ST,STP,Sao Tome and Principe,7,1,6.46,7.46,-0.01,1.7
SA,SAU,Saudi Arabia,45,25,34.5,55.67,15.66,32.15
SN,SEN,Senegal,-14,14,-17.53,-11.35,12.31,16.69
RS,SRB,Serbia,21,44,18.82,23.02,41.84,46.2
SC,SYC,Seychelles,55.6666666667,-4.58333333333,46.2,56.3,-10.2,-4.28
SL,SLE,Sierra Leone,-11.5,8.5,-13.3,-10.28,6.94,9.99
SG,SGP,Singapore,103.8,1.36666666667,103.608,104.041,1.197,1.474
SX,SXM,Sint Maarten (Dutch part),-63.06667,18.04167,-63.139,-62.997,18.004,18.065
SK,SVK,Slovakia,19.5,48.6666666667,16.84,22.57,47.73,49.6
SI,SVN,Slovenia,14.8166666667,46.1166666667,13.38,16.61,45.42,46.88
SB,SLB,Solomon Islands,159,-8,155.51,168.83,-12.29,-5.42
SO,SOM,Somalia,49,10,41,51.42,-1.66,11.99
ZA,ZAF,South Africa,24,-29,3.33,38,-54.47,-22.13
GS,SGS,South Georgia and the South Sandwich Islands,-37,-54.5,-38.25,-35.75,-54.9,-53.95
SS,SSD,South Sudan,30,8,24.15,35.8,3.5,12.25
ES,ESP,Spain,-4,40,-18.17,4.33,27.64,43.79
LK,LKA,Sri Lanka,81,7,79.65,81.88,5.91,9.83
SD,SDN,Sudan,30,15,21.84,38.57,3.49,22.22
SR,SUR,Suriname,-56,4,-58.08,-53.98,1.84,6.02
SJ,SJM,Svalbard and Jan Mayen,20,78,-9.6,27.2,70.8,80.9
SZ,SWZ,Swaziland,31.5,-26.5,30.79,32.14,-27.32,-25.72
SE,SWE,Sweden,15,62,10.98,24.16,55.34,69.06
CH,CHE,Switzerland,8,47,5.97,10.49,45.82,47.8
SY,SYR,Syrian Arab Republic,38,35,35.61,42.37,32.31,37.32
TW,TWN,Taiwan  Province of China,121,23.5,119.3,122.03,21.89,25.32
TJ,TJK,Tajikistan,71,39,67.39,75.14,36.67,41.04
TZ,TZA,Tanzania  United Republic of,35,-6,29.33,40.45,-11.75,-0.99
TH,THA,Thailand,100,15,97.35,105.64,5.61,20.47
TL,TLS,Timor-Leste,125.916666667,-8.83333333333,124.05,127.35,-9.5,-8.3
TG,TGO,Togo,1.16666666667,8,-0.15,1.8,6.1,11.15
TK,TKL,Tokelau,-172,-9,-172.52,-171.175,-9.445,-8.52
TO,TON,Tonga,-175,-20,-176.22,-173.7,-22.34,-15.56
TT,TTO,Trinidad and Tobago,-61,11,-61.93,-60.52,10.04,11.35
TN,TUN,Tunisia,9,34,7.52,11.59,30.24,37.54
TR,TUR,Turkey,35,39,25.66,44.82,35.82,42.1
TM,TKM,Turkmenistan,60,40,52.44,66.68,35.14,42.8
TC,TCA,Turks and Caicos Islands,-71.5833333333,21.75,-72.49,-71.12,21.27,21.97
TV,TUV,Tuvalu,178,-8,176.13,179.22,-8.55,-5.67
UG,UGA,Uganda,32,1,29.57,35.04,-1.48,4.22
UA,UKR,Ukraine,32,49,22.16,40.22,44.38,52.38
AE,ARE,United Arab Emirates,54,24,51.53,56.38,22.62,26.28
GB,GBR,United Kingdom,-2,54,-8.62,1.77,49.9,60.84
US,USA,United States,-97,38,-180,-66.9,5.87,71.39
UM,UMI,United States Minor Outlying Islands,-169.516666667,16.75,0,0,0,0
UY,URY,Uruguay,-56,-33,-58.44,-53.07,-34.98,-30.08
UZ,UZB,Uzbekistan,64,41,56,73.13,37.18,45.61
VU,VUT,Vanuatu,167,-16,166.52,170.21,-20.25,-13.07
VE,VEN,Venezuela  Bolivarian Republic of,-66,8,-73.37,-59.81,0.74,12.2
VN,VNM,Viet Nam,107.833333333,16.1666666667,102.15,109.47,8.42,23.39
VG,VGB,Virgin Islands  British,-64.5,18.5,-64.75,-64.319,18.31,18.532
VI,VIR,Virgin Islands  U.S.,-64.8333333333,18.3333333333,-65.09,-64.56,17.67,18.416
WF,WLF,Wallis and Futuna,-176.2,-13.3,-178.185,-176.12,-14.364,-13.183
EH,ESH,Western Sahara,-13,24.5,-17.1,-8.66,21.29,27.7
YE,YEM,Yemen,48,15,41.82,54.54,12.11,19
ZM,ZMB,Zambia,30,-15,22,33.7,-18.08,-8.22
ZW,ZWE,Zimbabwe,30,-20,25.24,33.05,-22.42,-15.61
